Portfolio Name,Category,Set,Product Name,Card Number,Rarity,Variance,Grade,Card Condition,Average Cost Paid,Quantity,Market Price (As of 2026-05-01),Price Override,Watchlist,Date Added,Notes
Singles,Pokemon,Ancient Origins,Lugia EX,68,Ultra Rare,Holofoil,Ungraded,Near Mint,0,1,9.98,0,false,2026-05-01,
Singles,Pokemon,Ascended Heroes,Mega Gengar ex,284/217,Special Illustration Rare,Holofoil,Ungraded,Near Mint,0,1,"1,492.76",0,false,2026-05-01,
Singles,Pokemon,Ascended Heroes,Team Rocket's Mimikyu,238/217,Illustration Rare,Holofoil,Ungraded,Near Mint,0,1,30.57,0,false,2026-05-01,
Singles,Pokemon,Ascended Heroes,Team Rocket's Transceiver,263/217,Ultra Rare,Holofoil,Ungraded,Near Mint,0,1,1.97,0,false,2026-05-01,
Singles,Pokemon,Battle Partners,Articuno (JP),102/100,Art Rare,Holofoil,Ungraded,Near Mint,0,1,8.46,0,false,2026-05-01,
Singles,Pokemon,Battle Partners,Salamence ex (JP),129/100,Special Art Rare,Holofoil,Ungraded,Near Mint,0,1,23.67,0,false,2026-05-01,
Singles,Pokemon,Battle Partners,Swinub (JP),106/100,Art Rare,Holofoil,Ungraded,Near Mint,0,1,2.71,0,false,2026-05-01,
Singles,Pokemon,Battle Partners,Wailord (JP),103/100,Art Rare,Holofoil,Ungraded,Near Mint,0,1,4.98,0,false,2026-05-01,
Singles,Pokemon,Battle Styles,Tyranitar V (Full Art),154/163,Ultra Rare,Holofoil,Ungraded,Near Mint,0.0000,1,10.48,0,false,2026-05-01,
Singles,Pokemon,Black Bolt,Kyurem ex,165/086,Special Illustration Rare,Holofoil,Ungraded,Near Mint,0,1,67.88,0,false,2026-05-01,
Singles,Pokemon,Brilliant Stars,Arceus VSTAR (Secret),184/172,Ultra Rare,Holofoil,Ungraded,Near Mint,0.0000,1,17.07,0,false,2026-05-01,
Singles,Pokemon,Brilliant Stars,Charizard VSTAR (Secret),174/172,Ultra Rare,Holofoil,Ungraded,Near Mint,0,1,78.33,0,false,2026-05-01,
Singles,Pokemon,Brilliant Stars Trainer Gallery,Ariados,TG09/TG30,Ultra Rare,Holofoil,Ungraded,Near Mint,0,1,2.15,0,false,2026-05-01,
Singles,Pokemon,Brilliant Stars Trainer Gallery,Jolteon,TG04/TG30,Ultra Rare,Holofoil,Ungraded,Near Mint,0.0000,1,15.45,0,false,2026-05-01,
Singles,Pokemon,Celebrations: Classic Collection,M Rayquaza EX,76/108,Classic Collection,Holofoil,Ungraded,Near Mint,0,1,44.48,0,false,2026-05-01,
Singles,Pokemon,Crown Zenith: Galarian Gallery,Absol,GG16/GG70,Holo Rare,Holofoil,Ungraded,Near Mint,0.0000,1,7.03,0,false,2026-05-01,
Singles,Pokemon,Crown Zenith: Galarian Gallery,Entei V,GG36/GG70,Ultra Rare,Holofoil,Ungraded,Near Mint,0,1,60.02,0,false,2026-05-01,
Singles,Pokemon,Crown Zenith: Galarian Gallery,Giratina VSTAR (Secret),GG69/GG70,Secret Rare,Holofoil,Ungraded,Near Mint,0.0000,1,246.31,0,false,2026-05-01,
Singles,Pokemon,Crown Zenith: Galarian Gallery,Hisuian Samurott V,GG51/GG70,Ultra Rare,Holofoil,Ungraded,Near Mint,0.0000,1,15.96,0,false,2026-05-01,
Singles,Pokemon,Crown Zenith: Galarian Gallery,Kricketune,GG02/GG70,Holo Rare,Holofoil,Ungraded,Near Mint,0,1,4.97,0,false,2026-05-01,
Singles,Pokemon,Crown Zenith: Galarian Gallery,Latias,GG20/GG70,Holo Rare,Holofoil,Ungraded,Near Mint,0.0000,1,17.28,0,false,2026-05-01,
Singles,Pokemon,Crown Zenith: Galarian Gallery,Pikachu,GG30/GG70,Holo Rare,Holofoil,Ungraded,Near Mint,0,1,52.56,0,false,2026-05-01,
Singles,Pokemon,Crown Zenith: Galarian Gallery,Turtwig,GG31/GG70,Holo Rare,Holofoil,Ungraded,Near Mint,0,1,11.21,0,false,2026-05-01,
Singles,Pokemon,Evolving Skies,Inteleon (Secret),227/203,Secret Rare,Holofoil,Ungraded,Near Mint,0.0000,1,8.58,0,false,2026-05-01,
Singles,Pokemon,Fusion Strike,Elesa's Sparkle (Secret),275/264,Secret Rare,Holofoil,Ungraded,Near Mint,0,1,5.88,0,false,2026-05-01,
Singles,Pokemon,Lost Origin,Gallade V (Full Art),181/196,Ultra Rare,Holofoil,Ungraded,Near Mint,0.0000,1,2.33,0,false,2026-05-01,
Singles,Pokemon,Lost Origin,Kyurem VMAX (Secret),197/196,Secret Rare,Holofoil,Ungraded,Near Mint,0,1,9.5,0,false,2026-05-01,
Singles,Pokemon,Lost Origin Trainer Gallery,Hisuian Arcanine,TG08/TG30,Ultra Rare,Holofoil,Ungraded,Near Mint,0,1,4.72,0,false,2026-05-01,
Singles,Pokemon,Mega Evolution,Delibird,152/132,Illustration Rare,Holofoil,Ungraded,Near Mint,0,1,2.26,0,false,2026-05-01,
Singles,Pokemon,Mega Evolution,Mega Absol ex,161/132,Ultra Rare,Holofoil,Ungraded,Near Mint,0,1,5.1,0,false,2026-05-01,
Singles,Pokemon,Mega Evolution,Mega Latias ex,181/132,Special Illustration Rare,Holofoil,Ungraded,Near Mint,0,1,83.97,0,false,2026-05-01,
Singles,Pokemon,Mega Evolution,Rare Candy,175/132,Ultra Rare,Holofoil,Ungraded,Near Mint,0,1,4.59,0,false,2026-05-01,
Singles,Pokemon,Mega Evolution,Wally's Compassion,186/132,Special Illustration Rare,Holofoil,Ungraded,Near Mint,0,1,23.1,0,false,2026-05-01,
Singles,Pokemon,Miscellaneous Cards & Products,Flareon ex - 014/131 (Prismatic Evolutions Stamp),014/131,Promo,Holofoil,Ungraded,Near Mint,0,1,6.4,0,false,2026-05-01,
Singles,Pokemon,Obsidian Flames,Charizard ex,223/197,Special Illustration Rare,Holofoil,Ungraded,Near Mint,0.0000,2,103.5,0,false,2026-05-01,
Singles,Pokemon,Obsidian Flames,Houndour,204/197,Illustration Rare,Holofoil,Ungraded,Near Mint,0,1,9.16,0,false,2026-05-01,
Singles,Pokemon,Obsidian Flames,Larvitar,203/197,Illustration Rare,Holofoil,Ungraded,Near Mint,0,1,8.34,0,false,2026-05-01,
Singles,Pokemon,Paldea Evolved,Basic Grass Energy,278/193,Hyper Rare,Holofoil,Ungraded,Near Mint,0,1,11.76,0,false,2026-05-01,
Singles,Pokemon,Paldea Evolved,Dedenne ex,239/193,Ultra Rare,Holofoil,Ungraded,Near Mint,0.0000,1,15.93,0,false,2026-05-01,
Singles,Pokemon,Paldea Evolved,Iono,269/193,Special Illustration Rare,Holofoil,Ungraded,Near Mint,0.0000,1,57.22,0,false,2026-05-01,
Singles,Pokemon,Paldea Evolved,Marill,204/193,Illustration Rare,Holofoil,Ungraded,Near Mint,0,1,55.56,0,false,2026-05-01,
Singles,Pokemon,Paldea Evolved,Tyranitar,222/193,Illustration Rare,Holofoil,Ungraded,Near Mint,0,1,80.12,0,false,2026-05-01,
Singles,Pokemon,Paldean Fates,Wugtrio,224/091,Illustration Rare,Holofoil,Ungraded,Near Mint,0,1,2.21,0,false,2026-05-01,
Singles,Pokemon,Paradox Rift,Cyclizar,215/182,Illustration Rare,Holofoil,Ungraded,Near Mint,0,1,6.03,0,false,2026-05-01,
Singles,Pokemon,Paradox Rift,Porygon-Z,214/182,Illustration Rare,Holofoil,Ungraded,Near Mint,0,1,11.91,0,false,2026-05-01,
Singles,Pokemon,Paradox Rift,Roaring Moon ex,251/182,Special Illustration Rare,Holofoil,Ungraded,Near Mint,0,1,40.68,0,false,2026-05-01,
Singles,Pokemon,Paradox Rift,Roaring Moon ex,262/182,Hyper Rare,Holofoil,Ungraded,Near Mint,0.0000,1,6.98,0,false,2026-05-01,
Singles,Pokemon,Phantasmal Flames,Ambipom,107/094,Illustration Rare,Holofoil,Ungraded,Near Mint,0,2,1.86,0,false,2026-05-01,
Singles,Pokemon,Phantasmal Flames,Mega Sharpedo ex,113/094,Ultra Rare,Holofoil,Ungraded,Near Mint,0,1,2.63,0,false,2026-05-01,
Singles,Pokemon,Pokemon Go,Spark (Secret),085/078,Secret Rare,Holofoil,Ungraded,Near Mint,0,1,7.92,0,false,2026-05-01,
Singles,Pokemon,Prismatic Evolutions,Leafeon ex,144/131,Special Illustration Rare,Holofoil,Ungraded,Near Mint,0,1,305.3,0,false,2026-05-01,
Singles,Pokemon,Prismatic Evolutions,Sylveon ex,156/131,Special Illustration Rare,Holofoil,Ungraded,Near Mint,0,1,400.52,0,false,2026-05-01,
Singles,Pokemon,Scarlet & Violet Promo,Charizard ex,161,Promo,Holofoil,Ungraded,Near Mint,0,1,7.43,0,false,2026-05-01,
Singles,Pokemon,Scarlet & Violet Promo,Charmander,044,Promo,Holofoil,Ungraded,Near Mint,0.0000,2,69.25,0,false,2026-05-01,
Singles,Pokemon,Scarlet & Violet Promo,Iron Thorns,098,Promo,Holofoil,Ungraded,Near Mint,0.0000,1,2.21,0,false,2026-05-01,
Singles,Pokemon,Scarlet & Violet Promo,Magneton,159,Promo,Holofoil,Ungraded,Near Mint,0.0000,2,7.8,0,false,2026-05-01,
Singles,Pokemon,Scarlet & Violet Promo,N's Zorua,189,Promo,Holofoil,Ungraded,Near Mint,0,1,12.41,0,false,2026-05-01,
Singles,Pokemon,Scarlet & Violet Promo,Snorlax,051,Promo,Holofoil,Ungraded,Near Mint,0.0000,1,23.64,0,false,2026-05-01,
Singles,Pokemon,Scarlet & Violet Promo,Steven's Beldum,207,Promo,Holofoil,Ungraded,Near Mint,0,1,34.21,0,false,2026-05-01,
Singles,Pokemon,Silver Tempest,Ho-oh,187/195,Ultra Rare,Holofoil,Ungraded,Near Mint,0.0000,1,7.51,0,false,2026-05-01,
Singles,Pokemon,Silver Tempest,Lugia V (Alternate Full Art),186/195,Ultra Rare,Holofoil,Ungraded,Near Mint,0,1,445.02,0,false,2026-05-01,
Singles,Pokemon,Silver Tempest,Reshiram V (Full Art),172/195,Ultra Rare,Holofoil,Ungraded,Near Mint,0.0000,1,5.95,0,false,2026-05-01,
Singles,Pokemon,Silver Tempest,Skuntank V (Alternate Full Art),181/195,Ultra Rare,Holofoil,Ungraded,Near Mint,0,1,9.35,0,false,2026-05-01,
Singles,Pokemon,Silver Tempest Trainer Gallery,Blaziken V,TG14/TG30,Ultra Rare,Holofoil,Ungraded,Near Mint,0,1,27.61,0,false,2026-05-01,
Singles,Pokemon,Silver Tempest Trainer Gallery,Blaziken VMAX,TG15/TG30,Ultra Rare,Holofoil,Ungraded,Near Mint,0.0000,1,34.55,0,false,2026-05-01,
Singles,Pokemon,Silver Tempest Trainer Gallery,Braixen,TG01/TG30,Ultra Rare,Holofoil,Ungraded,Near Mint,0,1,4.67,0,false,2026-05-01,
Singles,Pokemon,Stellar Crown,Bulbasaur,143/142,Illustration Rare,Holofoil,Ungraded,Near Mint,0,1,107.99,0,false,2026-05-01,
Singles,Pokemon,Sun & Moon Base Set,Espeon GX (Secret),152,Secret Rare,Holofoil,Ungraded,Near Mint,0,1,46.73,0,false,2026-05-01,
Singles,Pokemon,Super Electric Breaker,Milotic ex (JP),131/106,Special Art Rare,Holofoil,Ungraded,Near Mint,0,1,88.75,0,false,2026-05-01,
Singles,Pokemon,Surging Sparks,Ceruledge,197/191,Illustration Rare,Holofoil,Ungraded,Near Mint,0,2,19.69,0,false,2026-05-01,
Singles,Pokemon,Surging Sparks,Exeggcute,192/191,Illustration Rare,Holofoil,Ungraded,Near Mint,0,1,7.06,0,false,2026-05-01,
Singles,Pokemon,Surging Sparks,Hydreigon ex,240/191,Special Illustration Rare,Holofoil,Ungraded,Near Mint,0,1,39.84,0,false,2026-05-01,
Singles,Pokemon,SV: 151,Alakazam ex,201/165,Special Illustration Rare,Holofoil,Ungraded,Near Mint,0.0000,2,78.89,0,false,2026-05-01,
Singles,Pokemon,SV: 151,Basic Psychic Energy,207/165,Hyper Rare,Holofoil,Ungraded,Near Mint,0,2,6.73,0,false,2026-05-01,
Singles,Pokemon,SV: 151,Blastoise ex,184/165,Ultra Rare,Holofoil,Ungraded,Near Mint,0,2,28.78,0,false,2026-05-01,
Singles,Pokemon,SV: 151,Charizard ex,199/165,Special Illustration Rare,Holofoil,PSA 9.0 MINT,Near Mint,0,1,431.01,0,false,2026-05-01,
Singles,Pokemon,SV: 151,Charizard ex,199/165,Special Illustration Rare,Holofoil,Ungraded,Near Mint,0,2,436.95,0,false,2026-05-01,
Singles,Pokemon,SV: 151,Squirtle,170/165,Illustration Rare,Holofoil,Ungraded,Near Mint,0.0000,1,101.39,0,false,2026-05-01,
Singles,Pokemon,Sword & Shield Promo,Flareon V,SWSH179,Promo,Holofoil,Ungraded,Near Mint,0,1,76.93,0,false,2026-05-01,
Singles,Pokemon,Sword & Shield Promo,Galarian Articuno,SWSH282,Promo,Holofoil,Ungraded,Near Mint,0,1,4.86,0,false,2026-05-01,
Singles,Pokemon,Sword & Shield Promo,Galarian Zapdos,SWSH283,Promo,Holofoil,Ungraded,Near Mint,0,1,3.39,0,false,2026-05-01,
Singles,Pokemon,Sword & Shield Promo,Jolteon V,SWSH183,Promo,Holofoil,Ungraded,Near Mint,0,1,70.01,0,false,2026-05-01,
Singles,Pokemon,Sword & Shield Promo,Vaporeon VMAX,SWSH182,Promo,Holofoil,Ungraded,Near Mint,0,1,81.78,0,false,2026-05-01,
Singles,Pokemon,Temporal Forces,Lickitung,180/162,Illustration Rare,Holofoil,Ungraded,Near Mint,0,1,23.22,0,false,2026-05-01,
Singles,Pokemon,Temporal Forces,Meltan,179/162,Illustration Rare,Holofoil,Ungraded,Near Mint,0,1,5.23,0,false,2026-05-01,
Singles,Pokemon,Temporal Forces,Morty's Conviction,201/162,Ultra Rare,Holofoil,Ungraded,Near Mint,0,1,4.79,0,false,2026-05-01,
Singles,Pokemon,Terastal Festival ex,Roaring Moon ex (JP),218/187,Special Art Rare,Holofoil,Ungraded,Near Mint,0,1,29.6,0,false,2026-05-01,
Singles,Pokemon,Twilight Masquerade,Bloodmoon Ursaluna ex,216/167,Special Illustration Rare,Holofoil,Ungraded,Near Mint,0.0000,1,40.66,0,false,2026-05-01,
Singles,Pokemon,Twilight Masquerade,Carmine,204/167,Ultra Rare,Holofoil,Ungraded,Near Mint,0,1,7.76,0,false,2026-05-01,
Singles,Pokemon,Twilight Masquerade,Eevee,188/167,Illustration Rare,Holofoil,Ungraded,Near Mint,0.0000,1,91.94,0,false,2026-05-01,
Singles,Pokemon,Twilight Masquerade,Heliolisk,177/167,Illustration Rare,Holofoil,Ungraded,Near Mint,0,1,3.66,0,false,2026-05-01,
Singles,Pokemon,Twilight Masquerade,Infernape,173/167,Illustration Rare,Holofoil,Ungraded,Near Mint,0,1,12.3,0,false,2026-05-01,
Singles,Pokemon,Twilight Masquerade,Iron Thorns ex,196/167,Ultra Rare,Holofoil,Ungraded,Near Mint,0,1,2.23,0,false,2026-05-01,
Singles,Pokemon,Twilight Masquerade,Lairon,184/167,Illustration Rare,Holofoil,Ungraded,Near Mint,0,1,4.99,0,false,2026-05-01,
Singles,Pokemon,Twilight Masquerade,Probopass,182/167,Illustration Rare,Holofoil,Ungraded,Near Mint,0.0000,1,3.31,0,false,2026-05-01,
Singles,Pokemon,Twilight Masquerade,Scream Tail ex,197/167,Ultra Rare,Holofoil,Ungraded,Near Mint,0.0000,1,2.93,0,false,2026-05-01,
Singles,Pokemon,Ultra Prism,Giratina Prism Star,58/156,Prism Rare,Holofoil,Ungraded,Near Mint,0,1,14.81,0,false,2026-05-01,
